Model Name,Mean Squared Error,R² Score
Linear Regression,0.3409962913634873,0.8100538546859323
Ridge Regression,0.34096140803941827,0.8100732858443069
Lasso Regression,0.7629511902858448,0.575011103264176
Decision Tree,0.23068887549709444,0.8714987119293875
Random Forest,0.15472051618354515,0.9138155856987303
Support Vector Regression,0.197646195253728,0.8899045711778168
